Team,Games,Victories,Draws,Defeats,Goals_Scored,High_Possession_Games,Win_Rate
Confianca,9,6,2,1,18,5,66.66666666666666
Lagarto,9,5,2,2,16,2,55.55555555555556
Itabaiana,9,5,4,0,15,2,55.55555555555556
Falcon,9,4,0,5,10,4,44.44444444444444
America,9,4,3,2,10,1,44.44444444444444
Guarany,9,4,1,4,9,2,44.44444444444444
Sergipe,9,3,2,4,9,2,33.33333333333333
Barra,9,2,1,6,8,0,22.22222222222222
Dorense,9,2,2,5,7,0,22.22222222222222
Carmopolis,9,0,3,6,10,1,0.0
